,Close,Open,High,Low,Volume
2023-04-11,100.0,99.66868812052708,100.88365993748668,98.43745414311346,5537871
2023-04-12,100.79507122951684,101.08263889673842,101.45258053946009,100.26181220654398,1291464
2023-04-13,100.63642336385588,100.25236500578512,102.22284804883316,99.83710379824208,5739400
2023-04-14,101.66445744446108,100.7469956468847,103.16557417995848,100.38929090761282,1118581
2023-04-17,104.03785973353487,103.19122957422056,105.47367724075744,103.19122957422056,6370807
2023-04-18,103.72446642406766,103.74940435124508,104.3733279983564,102.31735918561604,4852256
2023-04-19,103.41204269333406,103.54633486551629,103.82135121231408,102.9296979207654,9727148
2023-04-20,105.91339306116738,105.43449685033522,106.43663719420584,105.43449685033522,1501590
2023-04-21,107.1855739994614,107.52781349569032,107.52781349569032,105.45438569173515,4360492
2023-04-24,106.4843535634439,105.59972411462688,107.07034244914252,105.24408839115117,1872328
2023-04-25,107.4042080728847,107.36872183066804,108.125559832451,106.61522580725465,5809479
2023-04-26,106.71131502236886,106.06516936641866,106.7385841075656,105.84668399183003,4110691
2023-04-27,106.01919116315216,105.67365547855157,107.26250898390651,105.67365547855157,2358097
2023-04-28,106.4569904235852,106.4822200230773,107.03569078810438,105.23418567050214,9313157
2023-05-01,103.45498806854944,103.00991779635208,103.83840708158948,102.40406972692762,2294315
2023-05-02,100.82994525585576,100.63607168349311,101.60804864334264,100.63607168349311,7087595
2023-05-03,100.02992891661242,100.53322590748752,102.8793240751881,99.60098407614905,3575508
2023-05-04,98.56024250649696,98.2759494936958,99.69246876661516,97.87711593915226,5510784
2023-05-05,99.07410702736436,99.48808427612768,100.79771291852076,98.89929913204824,1164074
2023-05-08,97.77421896425386,97.22193793739032,98.12859276391748,97.22193793739032,3570466
2023-05-09,95.75180270366025,96.00545122923684,96.82390681209496,94.9593701483899,4287093
2023-05-10,97.90475628133166,98.6104384036733,99.17231102475576,97.82041732258384,2017481
2023-05-11,97.6221400543738,96.41570392659357,98.75536400653716,96.41570392659357,4594804
2023-05-12,97.76983484223597,97.3802732546664,98.22710553431376,94.9136352993604,9451115
2023-05-15,95.7292588367891,96.00547227194092,96.06096443461064,95.31134337188963,3338377
2023-05-16,94.99542314507228,94.89898123324824,95.03999554752068,94.13672641782672,1806564
2023-05-17,95.20097793183236,95.37764518233392,95.65512546448288,92.95144314532806,4918949
2023-05-18,93.60494270834036,93.32226271434423,93.67685179545477,92.65978486068808,7047511
2023-05-19,94.17925305193776,94.22002785946836,95.387565545393,93.59613819368384,1737954
2023-05-22,93.37782713090402,93.30514312103074,94.30811943932991,91.45658256797044,3908056
2023-05-23,93.01595011631905,93.55906190628944,93.55906190628944,92.99660865156036,8840130
2023-05-24,92.22293340796035,92.3402505904072,93.65845889580172,91.55154774026263,9357998
2023-05-25,94.83138278960914,94.99145942599937,95.23737031668506,94.65793956543644,6934261
2023-05-26,94.85959907371814,94.66424665434776,96.28321379417342,93.55539681475508,5510579
2023-05-29,93.40201835340532,93.17430132595504,94.1961426210188,92.79867477226298,8563493
2023-05-30,94.60112968723344,94.39652722111748,94.93095854506194,93.84508502057224,3535232
2023-05-31,92.91603242519592,93.09928706545296,93.24054882698792,92.46748629759472,8704694
2023-06-01,93.25359208989708,93.05730051464413,93.55352832857746,92.3645789182752,3378907
2023-06-02,90.55902471049636,90.6902333526272,92.43970743010397,90.4479356687222,7990607
2023-06-05,88.80011572451669,89.72159487998903,89.72159487998903,87.35739937324442,5532688
2023-06-06,89.10673529028168,89.49485068204925,89.49485068204925,88.8188498976084,8579751
2023-06-07,90.13832384889238,89.99138777526787,91.06700408524917,89.91085663190177,8133131
2023-06-08,90.41509575522676,90.9581351142016,90.9581351142016,90.15125431701225,3363162
2023-06-09,90.30345804521347,90.1192049585788,90.53738206068412,88.89184268911546,5881909
2023-06-12,89.9407492001075,89.02419696182243,90.11734772542782,89.02419696182243,6680820
2023-06-13,87.99102894187035,87.54751618307117,88.05403162676411,87.54751618307117,3692794
2023-06-14,87.08492696772385,86.27033807865212,87.11734192520419,86.27033807865212,3345704
2023-06-15,86.52674902529468,86.37467243023144,87.15634321435135,83.76385685395786,9811940
2023-06-16,87.9420526431639,87.95015139352535,87.98773492140653,87.67932320321597,9220038
2023-06-19,88.43930113514124,89.18061585661374,89.18061585661374,87.77442238444051,9277983
2023-06-20,86.14469019750675,86.28550548415673,86.28550548415673,85.77740576712195,1292575
2023-06-21,86.60653423972788,86.51165655247674,86.67463745275347,85.6119052133677,2459700
2023-06-22,86.14957788128791,86.50684258484462,87.87101933623333,86.05199590074523,9417944
2023-06-23,85.31790450145482,84.37465734578616,86.09969607187789,84.09079586944856,4201078
2023-06-26,86.1433675416625,86.24485069904907,86.44184438294482,85.35151278200208,3607622
2023-06-27,87.51864578745804,87.85597117672641,88.39209072042912,86.93389513188532,2886963
2023-06-28,88.78497073345925,88.12858955066696,91.35641022335476,87.12176385109396,6304120
2023-06-29,87.71171467025106,88.21331781170461,89.54346393255403,86.76438599254986,3772605
2023-06-30,87.3487473123386,87.49658349816042,87.49658349816042,86.95801724002688,2447947
2023-07-03,87.8264533724471,87.64408704941536,88.79973103727056,86.7013821348144,6813775
2023-07-04,89.15554662843229,89.4376266942786,90.08268044218252,89.09504967710407,8242447
2023-07-05,88.55930878516612,89.56476373491898,89.56476373491898,87.80409831297602,9278499
2023-07-06,88.35696097991207,88.43730672792091,89.28772695802175,87.92866579367836,7472652
2023-07-07,86.93485351846759,87.04274862001903,87.47712615074215,86.19907460020747,7606470
2023-07-10,85.41844023059272,85.22225077288448,87.05337595859022,84.86873000172055,2498339
2023-07-11,86.50221977664789,86.13465265453094,86.66716428603159,85.61128080661047,1676296
2023-07-12,88.30523748185603,88.67185248920417,88.67185248920417,88.00961332980867,1379039
2023-07-13,88.25400703728823,87.87624289730688,89.02187667355946,87.87624289730688,1528714
2023-07-14,89.62662103229758,89.65869223240743,90.07088395955651,88.77057693771023,8035655
2023-07-17,90.15761756734229,89.94229528027408,90.29323166859062,89.77571074176569,9368352
2023-07-18,89.33025947431356,89.544196434898,89.6562800847967,87.48780061223128,3911190
2023-07-19,89.85917805224487,90.0090910648862,92.01886754231953,88.8999017500588,9941047
2023-07-20,91.97720816642492,92.45435830359486,92.45435830359486,91.95493178634425,5142535
2023-07-21,91.9737690846532,91.73922843216496,92.15872745751028,90.6748966120494,1273452
2023-07-24,94.17834858368964,94.05126670503932,95.16783754317154,94.05126670503932,5371047
2023-07-25,90.5245887437808,90.08157782953816,91.52536154804686,90.08157782953816,8184872
2023-07-26,91.68588683109344,91.48220972327766,92.7742260937003,90.71182190317585,3189921
2023-07-27,91.85144458922092,92.02472256587292,92.43812752518268,91.45803833315756,8427297
2023-07-28,91.48540645526926,91.83167351164832,92.53108914548444,91.31419676377212,4198156
2023-07-31,91.65707073756693,91.23445587581752,93.15422623257784,90.7535794981452,6801038
2023-08-01,88.97027810391525,89.3571235066783,89.99018478811539,87.91385743167099,5822139
2023-08-02,88.72159920867948,89.32297100258451,89.32297100258451,86.42409693295404,5954582
2023-08-03,89.24121398491452,89.42569114825162,89.91433891026682,88.72394230447945,1762371
2023-08-04,91.2641704723141,92.12059153720922,92.12059153720922,90.96683516655604,4257945
2023-08-07,90.60031003428152,90.24978232758173,90.89816979729264,90.24978232758173,9279143
2023-08-08,89.54686362305583,88.98958899817971,89.83462893051794,88.98958899817971,6661064
2023-08-09,88.91767551156077,88.12687716197121,89.29283763872763,88.12687716197121,4768950
2023-08-10,90.183065776283,90.8576550890193,91.63836007149744,89.91666372827324,1142980
2023-08-11,90.6728740533681,90.96954012708532,91.0841066393687,90.52012564452608,7500785
2023-08-14,89.99768728687496,89.97267482772226,90.217422611994,88.81187997707895,1257354
2023-08-15,90.7355793596165,90.86259493717472,91.61034943729466,89.82228713150886,8863438
2023-08-16,90.9130729645399,90.40146462515077,91.9944571380276,89.8767743365535,6954075
2023-08-17,92.27946689153796,93.4079303356778,93.41229683886525,91.0640401290486,8972368
2023-08-18,91.3538303464954,91.41285459617208,91.89957819279586,91.24597022465537,3235883
2023-08-21,90.95050937939972,91.00025694086357,91.58822956016098,89.02067154045966,1764265
2023-08-22,90.46104809020164,90.78931613753544,90.78931613753544,89.91120595015333,7630840
2023-08-23,88.52041217269112,88.73330784995214,89.73819351412237,87.3723072542179,6668889
2023-08-24,88.95786271345418,89.05744393493198,89.09134895656042,88.93751977398911,1308617
2023-08-25,89.35068543075893,88.9975382587112,89.46288885267538,88.45780203667856,1744748
2023-08-28,89.40221413631318,89.61296571142901,89.61296571142901,88.95093418033032,6087692
2023-08-29,89.13232610640691,89.9710722122072,89.9710722122072,88.3830619230671,1734275
2023-08-30,87.28456297133154,87.87173497503908,88.2414418898916,86.80734896570941,7214638
2023-08-31,86.77746760536456,87.46873110977707,88.02710729350859,86.57012838040876,9987114
2023-09-01,86.3747578713304,86.15397721997155,87.75200775893708,86.05791417381253,6439296
2023-09-04,85.37849767714572,84.95604281290701,86.10162055224599,84.95604281290701,7194224
2023-09-05,85.2146319496018,85.16103751909996,86.0594432913675,84.42860350581576,9945326
2023-09-06,85.77370494136218,85.79760360228485,87.62074742364109,84.38813736378216,7024293
2023-09-07,88.2433690881577,88.72614481824553,88.80721046150349,87.95894264686487,7193367
2023-09-08,88.51857078828664,87.76949803762622,89.68975096365665,87.44115946142405,6318331
2023-09-11,88.90479996107194,89.58472178698214,90.36463025452169,87.55227696833461,9741022
2023-09-12,88.84997337231583,88.77977838440904,89.74719558730584,87.96297440513844,3963944
2023-09-13,86.3371567881987,86.15287829886887,86.93128623065333,85.9645080820776,4948401
2023-09-14,86.34598837726698,85.909032614153,88.29087633595498,85.909032614153,1124932
2023-09-15,86.46717092656853,85.75171705304257,87.31607576830362,85.75171705304257,6234259
2023-09-18,89.70524816363861,90.07446177121516,90.07446177121516,88.89458016681122,9656691
2023-09-19,89.49126396648012,89.52407055425583,91.72801373237093,89.20099074547487,7850807
2023-09-20,89.94079739063089,89.36069683100366,92.00128940818044,88.88035960090895,7280757
2023-09-21,89.93893772563426,89.35654768048217,91.18870444116932,88.87075150006562,7784672
2023-09-22,88.40726227579539,88.25883324590369,89.86191426150022,87.99650684319408,4877809
2023-09-25,89.96697345139717,90.71775752767476,90.88694912048511,89.78599619720313,5876709
2023-09-26,91.02669402595726,90.90854531339546,93.24751998386662,90.7688264419123,3592316
2023-09-27,92.15228271809391,91.45969244618666,93.42792171939746,91.45969244618666,6895725
2023-09-28,90.94132691193498,90.82958591029808,91.454153348288,90.40777978396328,9677828
2023-09-29,92.90037721570656,92.7736966031807,93.4529062426204,92.45918992729304,6438757
2023-10-02,90.9933400163098,89.76634639987665,91.76989133746284,89.76634639987665,3664749
2023-10-03,91.83983799247522,91.81490583375114,92.53683677981395,90.60369243472498,7728926
2023-10-04,94.90332425853288,94.79374198551844,95.17018426740974,94.7833858363594,4999453
2023-10-05,93.54069806985616,93.86631621668276,93.86631621668276,91.72701034905816,8246813
2023-10-06,92.7928901447548,93.65074004375847,93.65074004375847,91.86465379762998,3921989
2023-10-09,92.97799066242747,93.50171942641704,93.67901178746196,92.3478370070178,1984156
2023-10-10,92.32229733775104,92.19817522955024,92.58142301676897,91.84784580474692,4713543
2023-10-11,90.22104633111496,89.72188670471915,91.74844968281596,89.72188670471915,2203920
2023-10-12,90.35894420417912,91.52157457857476,91.52157457857476,90.04211854841347,4108591
2023-10-13,88.96429404633417,88.99063567721733,89.84378714581584,88.52909216943279,1747852
2023-10-16,89.64076843721455,89.64701159936885,90.63003438155778,89.0717992353598,6296990
2023-10-17,88.44932039828542,88.43865116048828,88.60843555241694,87.46779842961429,7928655
2023-10-18,90.5499047302704,90.63958751135064,91.81036147439862,90.17881432685476,2821367
2023-10-19,89.53132701762479,89.46670312138298,90.35350806120188,89.3153258379132,4372863
2023-10-20,89.14357375722557,88.88788235011533,90.54357412117407,88.5440175238222,3899033
2023-10-23,90.27594302514468,90.02910199203362,91.1693391578757,88.56080669205365,2578315
2023-10-24,88.65431944312611,88.63980084872344,89.48835373735407,88.53673389791872,8427210
2023-10-25,89.00112618839127,88.7592991052434,89.87555103329933,88.1337841321985,9298852
2023-10-26,90.79068440978745,90.46708562734798,90.994630384081,89.78555829317334,7093073
2023-10-27,88.64691220634624,88.69408576159778,89.1345164076577,88.54019802162333,2349590
2023-10-30,88.9367439841639,88.82335976662614,89.79795801287082,87.0044424324035,6366645
2023-10-31,89.3279092992254,89.99965204557932,89.99965204557932,88.5709252320785,6629905
2023-11-01,90.42015229254775,89.22164682355856,91.62638017667425,89.22164682355856,4045529
2023-11-02,88.78768329385447,89.2722451172623,89.32162369299759,88.70730088988672,6440107
2023-11-03,87.07347288201436,87.61597770810246,87.61597770810246,86.78440607890272,8103260
2023-11-06,87.79871858985146,86.88851356214072,89.1973466751089,86.88851356214072,8081530
2023-11-07,88.23374105540688,88.08255801321195,88.62238839511335,87.60776517615955,3897706
2023-11-08,88.60938674533931,88.44482100859909,88.62678767853852,88.22350494301783,9282356
2023-11-09,89.11416988945021,88.48702370802785,89.60651672605165,88.48702370802785,4201473
2023-11-10,88.24972939587836,87.9065188348809,88.44733301326956,87.9065188348809,7507660
2023-11-13,88.60129914946107,88.10930683589964,89.80994529264093,87.94670346514236,2449991
2023-11-14,89.03509882722395,89.81516668773519,89.81516668773519,88.48720577968233,7039523
2023-11-15,88.12558114011738,88.53786715089925,88.53786715089925,87.301220347731,6353966
2023-11-16,90.6359808767532,91.21222409312136,91.21222409312136,89.65169033361184,7747741
2023-11-17,91.32549354056962,91.65502882768556,91.8216631469833,90.83602227912218,6168554
2023-11-20,89.73921058976033,89.2326095164403,89.78305723116421,89.01406590047384,1424528
2023-11-21,90.66785923328509,90.43007358494478,90.70466285072622,90.33484768898865,8990001
2023-11-22,89.38760865580022,89.60632876462594,90.01510223849317,87.7445002244118,7450219
2023-11-23,90.48763661820315,89.9346993328431,91.0874799916154,89.9346993328431,2650824
2023-11-24,92.10545907262244,92.4338143112679,93.39733509719036,91.78371923394002,6265481
2023-11-27,91.01767197689024,90.90830268560389,92.6100959979881,90.90830268560389,7702692
2023-11-28,92.37844460070758,92.20531778468052,93.5275061105221,92.09837183298148,9527835
2023-11-29,92.99661472287642,93.32719907410846,93.64099310006546,92.25269583432052,2773055
2023-11-30,94.18984520990836,94.39907067261493,94.86651190132471,92.6674447497106,6192859
2023-12-01,96.91681969398456,96.74190122994295,97.78415193878531,95.89562420367326,1281854
2023-12-04,96.60854456692608,97.16855039180648,97.16855039180648,95.5769557055453,7662314
2023-12-05,95.56458853181904,95.0480316714244,96.75698810950809,94.65643099176285,6830395
2023-12-06,94.33727961918076,94.6278080670793,94.97263235258264,92.72353349868504,2657153
2023-12-07,93.23002841445552,93.50650265012072,93.50650265012072,93.13265037833436,8083610
2023-12-08,93.16882051027056,93.02462012705035,93.94710350695998,93.0115313020093,8842680
2023-12-11,93.69217582715191,93.84495638946666,95.70201271969998,93.6265424313172,2806684
2023-12-12,94.12787836037424,93.5390550277092,95.24573955564809,93.03422696499962,2809858
2023-12-13,95.34285736325948,95.78335424471967,95.78335424471967,94.45869238727444,1479083
2023-12-14,95.4091233547826,95.32091660106036,96.0138043209052,95.18169759800564,2901740
2023-12-15,97.53703409747824,97.28210983209873,97.94064146425455,96.58585525279952,6648393
2023-12-18,97.19859497601205,97.70840609035314,97.70840609035314,96.7115384833238,7284725
2023-12-19,101.21314358984375,100.85669939440623,101.3445392010743,100.85669939440623,8752950
2023-12-20,102.21363654827094,101.49381679307687,102.25841784700611,101.1904309335337,7709914
2023-12-21,100.950545502503,100.16483268144128,101.09894482504656,98.22161775652046,8395873
2023-12-22,99.37941304744714,99.68053761377534,100.33731045620485,98.70574453370382,5584946
2023-12-25,100.14832013554766,99.50715589202392,102.36212178785128,99.49327432648045,9343199
2023-12-26,99.86270295716751,100.73889540789986,100.73889540789986,98.03458346514356,5301400
2023-12-27,100.98216459743794,99.93097590670214,102.36542129693709,99.93097590670214,5641094
2023-12-28,101.74948407521244,102.61255187636056,102.61255187636056,100.35179359255407,3707184
2023-12-29,101.68920425292112,101.79649524453764,104.31249015042012,101.54943395213876,8873491
2024-01-01,100.44840216469636,100.3998287769176,101.25568042682598,99.49125490739692,4770771
2024-01-02,98.21616661712892,97.94856729801452,99.82604430981324,96.63264871693106,2540724
2024-01-03,97.60744989649868,97.8022431879162,99.24501087801148,96.3239954300348,6875293
2024-01-04,98.91011715757216,98.89150489344202,99.4576719360161,97.2880263202283,2965730
2024-01-05,99.27721277587028,99.82487645435516,99.84208331805172,98.5404492874906,8343728
2024-01-08,97.47174927529808,97.52741911895156,99.05897594900136,97.39822278791868,8097037
2024-01-09,97.77368886669318,97.84716665499964,98.14437604457362,96.20738779801805,5062224
2024-01-10,98.3876842351346,98.2088094175379,98.58798223699684,98.14558905129218,2094316
2024-01-11,97.13246778212466,97.10481143731757,97.69746880846058,96.31340155460528,5300915
2024-01-12,97.4050094995241,97.5549166706386,98.39343338945254,95.29040253931612,7760403
2024-01-15,97.53875931587169,96.70472079966694,98.1720565778456,96.70472079966694,7620241
2024-01-16,95.91527012375025,95.26871227905936,97.0892157367686,95.26871227905936,2636675
2024-01-17,96.47798682853214,96.83652994589836,96.83652994589836,95.94592484007453,1801849
2024-01-18,97.3377762541754,97.42093456310572,98.08725107504031,97.29533460248405,2161068
2024-01-19,98.96777213600252,98.87673003145764,99.19914484446966,97.29021788472006,8370131
2024-01-22,100.58164264250414,100.59091321884452,102.14658804125894,99.95537168656855,2035891
2024-01-23,98.5534097431146,98.7246865542532,98.8795034941279,98.36161746036402,1753494
2024-01-24,97.21629861659454,96.95393142528376,98.02662462096808,96.49449619486197,9811785
2024-01-25,98.01595410092835,97.6345226997205,99.97013311324504,96.72212144220836,8611432
2024-01-26,98.82035038071352,98.91711786435928,99.18999439365896,98.21579802156,4704697
2024-01-29,99.63321844825698,99.14582630487725,100.8563845773494,99.14582630487725,6277420
2024-01-30,105.44093563094432,105.65616839362654,106.71639243882802,104.98827534872886,6327580
2024-01-31,106.39658454261452,105.49083914066873,108.17614443621277,105.49083914066873,8272003
2024-02-01,108.26208741947327,108.81918010735524,108.81918010735524,106.73957877755755,2760511
2024-02-02,109.8654517979475,110.1250624775669,110.64001625850558,109.77414748510972,4541815
2024-02-05,110.9938654356756,111.13595408506544,111.13595408506544,109.32371812854043,9434610
2024-02-06,110.52446808665916,111.06752507812983,111.14155593690846,109.6844202756303,8389844
2024-02-07,111.83800036153998,112.7693170191497,112.7693170191497,111.74580139035504,5610146
2024-02-08,110.59745096237786,111.1583846799956,111.1933013569306,108.98543615750572,5139289
2024-02-09,110.25987667417044,109.24500384557402,111.2750102424714,109.24500384557402,6351826
2024-02-12,109.5122647386209,108.81161788094788,109.69773561260278,108.68856122448204,7390459
2024-02-13,109.70151420740603,109.35879648701535,111.2523804170804,109.35137493651212,2784006
2024-02-14,113.56518820906815,113.58000338420698,113.69150229497636,112.04290313719268,7072310
2024-02-15,110.44112595767884,110.72698018309264,111.43941173453004,108.37016436855366,5913478
2024-02-16,111.63321674253103,111.22813116056447,112.4543124775485,111.22813116056447,9303143
2024-02-19,108.9885434450128,109.09032063313428,110.33574339229786,108.81401704354694,7353300
2024-02-20,108.27151021687014,107.86257796248044,109.4530881655871,107.54464017740614,6968333
2024-02-21,110.09418085725686,109.75755809925673,110.7648064817589,109.75755809925673,7210958
2024-02-22,110.25538078840256,109.4799210140364,111.45971438649264,109.4262941382819,7601457
2024-02-23,108.52810106554712,108.02711731034216,108.87149314761184,108.02711731034216,7679155
2024-02-26,107.417906817313,106.69193116225054,108.72099097427964,106.56283250421012,6737580
2024-02-27,108.56663028574648,108.0368939324378,108.7204875634303,107.3984455937359,6525724
2024-02-28,107.43151193970915,107.9974835959714,109.92320273137578,107.4086165133216,7025095
2024-02-29,107.83404479894594,107.32215718739408,108.25817533408072,105.78391398315766,1225391
2024-03-01,107.96167475873176,109.38265664035524,109.38265664035524,107.89618432821524,7698541
2024-03-04,106.96043762409772,107.2242651169278,107.29106994697683,106.20272264605155,1191387
2024-03-05,110.45367581344728,110.55575495987333,110.60117665149384,108.7817226254892,4632632
2024-03-06,111.55918294410036,111.08039448094672,111.72927704780273,109.54761505392833,5608474
2024-03-07,108.22611375088005,108.60507283422896,108.99247225279292,106.51166498323434,3535394
2024-03-08,108.58291519594916,108.27039302959938,109.62173046127192,108.27039302959938,6596526
2024-03-11,107.55932609982054,107.62494256702465,108.4047310667585,107.01214489313324,4291070
2024-03-12,108.988413088406,110.38351084439644,110.43930275899854,107.26509843435976,1686268
2024-03-13,107.74727363062873,107.6955226691259,109.72573485840664,106.78289424926216,1801955
2024-03-14,107.61570918613197,108.23410850641665,108.23410850641665,107.09585960956085,3013148
2024-03-15,108.4846855030869,108.10326613642204,109.6816692957407,108.10326613642204,7835735
2024-03-18,109.9477455452716,109.92851101702072,112.31480021627904,108.17514531128892,5467223
2024-03-19,108.02317115891614,108.979608659674,108.979608659674,107.05437688971828,3444291
2024-03-20,107.53517448071386,107.19806942094952,110.21602586158856,107.19806942094952,1147745
2024-03-21,106.82284216438688,107.79089669559676,107.79089669559676,105.87084530005022,4792824
2024-03-22,105.82939630308005,106.203901103388,106.71676602773924,103.55214305429656,1137686
2024-03-25,108.6848653479765,108.3792072189726,108.77380147612904,107.90325453131236,6250295
2024-03-26,109.39943852151326,109.74536377935992,109.74536377935992,109.16846322568664,5151923
2024-03-27,107.38503829109844,107.90722727516514,108.37198892427932,106.32495517786523,6679980
2024-03-28,108.91720041520028,109.25582941657515,109.25582941657515,108.77423900129342,6149534
2024-03-29,112.43874869274362,111.55597817938911,112.73940126478664,111.55597817938911,4314344
2024-04-01,114.23630459656646,113.82097727706136,114.603800282333,113.82097727706136,1049976
2024-04-02,111.68991459548076,111.55168791915308,112.43610425257523,110.96392726809064,3522620
2024-04-03,110.93449861913872,110.89321244345012,112.03501582568656,110.74740240439466,3027320
2024-04-04,113.09812816539848,113.44911242758585,113.44911242758585,112.59830156313348,2812105
2024-04-05,111.9541358506618,112.05360766065822,112.80022381320522,110.73338898618708,6761703
2024-04-08,112.75542422686482,112.00258762858827,113.36036817700152,111.16452143652772,2947238
2024-04-09,114.12196480870324,114.3389094375675,115.14731412270028,114.00945409507226,7330034
2024-04-10,112.59227889124438,112.93601509384446,112.93601509384446,112.57105567120836,5809045
2024-04-11,112.54804359832784,112.8630601970262,112.8630601970262,111.7509621204714,9597467
2024-04-12,107.13234315156804,107.71127600937665,108.2956885154224,106.88249324553804,7402891
2024-04-15,105.53973359846908,105.97979320863382,106.0407288488472,104.53379573420762,8031845
2024-04-16,105.19266383406593,105.43417571263382,105.43417571263382,104.8906302761788,6394418
2024-04-17,103.27639561400952,103.24016330513382,104.12095517236966,102.6438923680878,1045475
2024-04-18,105.8568771462609,104.97775645884118,107.3285074435022,104.97775645884118,9080552
2024-04-19,103.6389510826056,103.86157699058997,104.21705983313932,102.4536052380816,4303364
2024-04-22,103.0066843226825,103.1136504228291,103.1136504228291,102.89486056925163,6396364
2024-04-23,103.26019496543395,103.40041138382036,104.61479961658593,103.22588161230748,4239254
2024-04-24,105.54421747532824,104.87045032858978,106.66838335624396,104.87045032858978,2099577
2024-04-25,103.3237853768358,102.76529110702894,103.6391550952803,102.76529110702894,7483485
2024-04-26,105.1781844978108,105.73202802337202,105.81925836633457,103.198889836767,5623037
2024-04-29,105.24691801175814,105.22610272158369,105.44369954571674,104.66940195799792,7959972
2024-04-30,103.75003006289388,104.10355865209534,104.10355865209534,103.65370345004813,8232024
2024-05-01,104.52105381813006,104.53585315070792,105.07469426698198,104.35397023261874,2602970
2024-05-02,104.88540328234996,104.90100820580564,104.95934621002635,103.80752206635732,9191922
2024-05-03,103.99353614572604,104.4814134001846,104.499466408548,102.67728180473712,9274125
2024-05-06,104.15441739852577,103.88567570843044,104.22157034964236,103.2522580317154,2531064
2024-05-07,103.604512909272,103.65430564064916,105.65118542302848,102.60011149880242,5411887
2024-05-08,103.83272880464926,103.59273228122326,104.80806637667918,103.38916124141828,9615797
2024-05-09,104.91590769046334,104.68797986001762,105.06707845741768,104.23791244259704,3076198
2024-05-10,107.46434155248198,107.29821665910728,108.7643320426712,105.55651539122968,8466511
2024-05-13,105.52275831008497,105.63995915156802,106.15581965387165,104.26319980101042,2468919
2024-05-14,108.95177316815798,108.69097061199774,110.6195533427828,107.95033839786076,4281941
2024-05-15,105.8159976476735,106.4803930838222,107.10564265999626,104.7572214855501,4410580
2024-05-16,105.62798627760876,105.15550843839532,105.85344168402548,104.91962365519042,5999111
2024-05-17,106.61294169794908,106.5133270194292,108.202248685105,105.12839347942732,4685104
2024-05-20,107.11560871298455,106.88009841309932,107.2748547647247,106.84776986680627,8659791
2024-05-21,106.16865394567806,106.93677241703304,106.93677241703304,105.86215180544473,2420858
2024-05-22,105.89029738500224,105.9943636036885,106.53983128959324,105.61464181576928,2748982
2024-05-23,105.16018229996313,105.70272709934184,105.70272709934184,105.0189429825879,7563614
2024-05-24,104.2830968118917,103.50850263088508,104.68789961937236,103.43756083543366,5896799
2024-05-27,105.66422542632608,105.80531372379092,105.84429440769992,104.82579171590932,9466685
2024-05-28,106.28291401088474,106.75567677764812,106.75567677764812,104.42452327731516,8479816
2024-05-29,105.2313887039341,105.27468299623187,105.27468299623187,103.85881335292916,7007509
2024-05-30,106.70399656083195,107.272451632215,107.272451632215,104.93005116709428,5445818
2024-05-31,107.24919986439384,106.97180600253203,108.5261584673174,106.14180232200724,6122964
2024-06-03,108.61050664200934,109.37585633957522,109.64182219935232,107.38678648453936,7433636
2024-06-04,109.69057650809653,110.95141381066242,111.31936965024624,108.49388914128367,5095077
2024-06-05,108.3814276862949,108.18480288029444,111.14940387428366,107.93618129587044,7263998
2024-06-06,107.52492008664792,107.28540697158785,108.5295468245616,106.33601202546409,5630232
2024-06-07,108.78397282427336,109.57449751158332,110.2709177760984,108.55017318909042,1920114
2024-06-10,109.83434234620036,110.70179868527391,110.70179868527391,109.49601491596414,9990499
2024-06-11,109.85482382496788,109.56763034412766,111.14024942829838,108.99832912081057,9147047
2024-06-12,110.1030859222288,109.87176659609835,112.0871219917193,108.66039555764227,3182926
2024-06-13,112.26826018220206,112.1100828432876,112.87615096669266,110.70135025018352,3485670
2024-06-14,111.32817395332064,110.57979785150036,112.173327530758,110.57979785150036,4344250
2024-06-17,112.29744832660188,111.78163697914968,112.94485479595546,111.78163697914968,5023278
2024-06-18,112.01301126668449,111.4506271115868,114.9153157613093,110.12734145476436,1537977
2024-06-19,111.70327086627329,111.2744433693468,112.31344378189672,110.80308764306484,4668280
2024-06-20,113.60017702649316,113.58047597975674,114.04526707022734,112.50410386325144,3723408
2024-06-21,115.06348876549042,115.19823658672009,116.7651760122784,113.2045428048198,5784808
2024-06-24,116.52509936281184,117.42846048274806,117.42846048274806,115.08677311337,7637640
2024-06-25,118.8651776282888,118.27182997634712,118.8833757077029,118.16094393426258,7837388
2024-06-26,118.96205959760124,119.54754469675538,119.65119669660056,118.93064676527058,5654419
2024-06-27,120.23843857760934,120.10979015509584,120.38222014543588,119.90157717474372,9430899
2024-06-28,119.7389679415681,119.7093542738464,120.90411064873965,118.76955704239532,5622580
2024-07-01,120.38106759286411,120.78724504736157,121.8215131410798,119.8705783802928,5589058
2024-07-02,120.20625672929188,119.53146567149416,120.39681919483654,119.53146567149416,8245136
2024-07-03,120.44125268570085,120.67154223004898,120.67154223004898,120.4238461896135,9379966
2024-07-04,121.57669517736844,121.67787872426604,122.71133151915892,120.912540842371,3122827
2024-07-05,120.14533502605772,120.44116363654904,120.6779179718628,120.1376189684771,8432300
2024-07-08,123.9762662471931,124.15551649113036,125.07321161569747,123.4352513136887,8637174
2024-07-09,122.16742019924504,123.66720861878382,123.66720861878382,122.0335127295034,1708672
2024-07-10,120.003489552451,119.6208344347646,122.05759945958704,119.6208344347646,7921154
2024-07-11,122.14815148885693,121.82385000635848,123.82390337520206,121.696189855551,9725977
2024-07-12,123.65972758465526,123.27444064593205,125.6550532136808,123.27444064593205,5507167
2024-07-15,124.8792347468004,124.53239695899995,126.71642099359642,122.88285639397272,3227039
2024-07-16,126.11868395947648,125.71675183113342,126.382680226316,125.41125973366022,1296063
2024-07-17,126.15857509834316,126.90859825500767,127.00266773180796,125.78580133942152,2383875
2024-07-18,124.52370939078114,125.40814168160644,125.81863728165534,123.65583591352193,7625169
2024-07-19,124.7275632171017,124.37162424492888,125.4829327222796,124.31119830198526,2876336
2024-07-22,123.52301604599784,123.00894069193518,125.7785583174639,122.07393711167214,8541586
2024-07-23,125.39152351118678,125.6870810852976,126.2415850895356,124.92802353484944,4956778
2024-07-24,125.17762303629058,124.8319931959458,125.78837893953026,124.8319931959458,3887757
2024-07-25,123.6902051940446,124.0816425261047,126.35858414970068,123.1364232098214,3468665
2024-07-26,123.15576608613384,123.28072178658113,123.90173893985664,121.2211415267895,7472973
2024-07-29,123.98016731306254,123.0405562681568,124.90021839690218,122.583199119879,1692924
2024-07-30,122.99379743109228,123.94546513737204,123.94546513737204,121.52534372724269,3570115
2024-07-31,121.53837419816767,122.62971446140176,123.12048939756924,121.36464348476332,2661655
2024-08-01,122.04340359773092,121.66946951036638,123.94912500977604,119.92898332451811,8499066
2024-08-02,122.5528736111164,122.31530390974804,122.59209561547128,119.81835116306829,5672412
2024-08-05,121.6822399044328,121.85616360970562,122.59901564491032,120.90584503246478,4100498
2024-08-06,120.88332608275864,121.0854773287816,121.43935570819755,120.27788862294403,8181479
2024-08-07,121.3645322694763,121.76415185763472,122.18703835809428,119.1786869745186,4811666
2024-08-08,118.7890233537224,119.9829745232288,121.18070640138768,118.14438644702184,4819712
2024-08-09,116.34054915794026,116.2376184698471,116.49939511191651,115.4240372147932,2033668
2024-08-12,115.14495650392138,114.68535699642348,115.56560584527917,114.43008180695948,8712079
2024-08-13,114.83386853717714,114.04190572267404,115.0459440768281,114.04190572267404,6604327
2024-08-14,115.42682624917217,115.00498157556878,116.98177137074453,114.88190707831498,3473199
2024-08-15,118.0389749479388,118.01942357833305,119.18585819944704,115.70262974062472,9271330
2024-08-16,119.6165533770678,120.68984750941635,121.05244712000987,118.7219289063464,9686283
2024-08-19,119.38939221816,119.0804057261741,120.17365430533982,118.10865083966657,1708175
2024-08-20,119.41503191171216,119.54865013864423,120.665200995769,119.12933519258604,2867306
2024-08-21,117.67898328660822,117.6693201380459,118.31051078956192,115.23822388832272,9652233
2024-08-22,117.70514367293605,118.40454367789184,119.1007784517181,116.6229807185024,1842840
2024-08-23,117.25434714627455,118.73581620566738,118.73581620566738,114.28747503055472,5394643
2024-08-26,117.88057663141414,117.56768104607684,119.05472338696588,117.54343320547169,6889118
2024-08-27,116.4768000102304,116.19175830991384,117.3582907120307,115.19443745797976,6128643
2024-08-28,117.44241571136472,118.05555959033616,119.1122245052282,115.14248515310604,1125355
2024-08-29,120.2012653281879,120.61108642753594,122.00588737463627,118.72333115781848,5222102
2024-08-30,120.06526934892506,121.17389641129073,121.17389641129073,119.46890608869212,1615937
2024-09-02,120.84877637531598,121.20161140875447,121.20161140875447,120.28645438195088,2375607
2024-09-03,122.1602466173196,121.9407905652286,123.78277185655922,121.9407905652286,1019477
2024-09-04,121.4861288637259,121.84491070810324,122.16187116972507,118.27361849756942,4556210
2024-09-05,121.95523384999694,122.63129487219854,122.63129487219854,120.12228287130658,7508856
2024-09-06,122.03924710465309,122.53990224293364,124.68139966616846,121.7295851321592,3487111
2024-09-09,122.2790714911107,122.58921647868748,123.06595960809555,121.7071806232486,3009606
2024-09-10,120.9223672475054,121.567291390246,122.04433349465354,119.60940872013906,2559757
2024-09-11,121.02728585552477,121.73486921389711,121.73486921389711,120.90869950428328,8315830
2024-09-12,121.99187022170445,122.83493102300648,122.83493102300648,121.61607360733532,7156738
2024-09-13,124.70828199694311,125.1127794749218,126.6144087123879,124.21986379704578,4432207
2024-09-16,126.56507138830472,126.4593148294768,127.20781407578802,126.22445068299268,7171638
2024-09-17,130.7161192957038,130.81200851439445,131.4197590405584,130.267511671451,2881297
2024-09-18,129.27690692177552,130.05677565859347,130.66341123395873,128.47335800827435,7083059
2024-09-19,131.03310908162567,130.49788097717996,131.51131798982397,130.49788097717996,5529275
2024-09-20,131.45898373172383,131.70131082429106,132.56220023178608,130.9632513862517,9519792
2024-09-23,135.84275224619284,135.57559111203386,137.26204981107227,135.57559111203386,2135627
2024-09-24,134.2636516665381,134.28294859100677,136.90375382821992,132.75177548025118,1245300
2024-09-25,132.63962167864122,133.48748853559417,135.3669670367233,132.57145323810687,9972618
2024-09-26,131.51339328355073,131.63905371799382,132.9642600402993,129.18161812059276,1092036
2024-09-27,127.3893389749264,127.41891658079584,127.6711925034704,125.78178551678435,6995802
2024-09-30,126.44839987429394,125.58864170886324,126.7984258626427,125.30311587270852,7439051
2024-10-01,125.0717574190444,125.53843364396066,125.53843364396066,124.2540803698822,1853392
2024-10-02,125.4164435254462,125.82121517719942,126.43951212592658,124.6693863149992,7015877
2024-10-03,126.12207903274202,127.48624994864544,127.48624994864544,124.388609134617,9670304
2024-10-04,129.73453857519607,129.5348912387205,130.49099139965955,126.96383148822136,4662340
2024-10-07,131.64894781595268,131.7932023662051,131.86896179372448,127.51813488627882,1154692
2024-10-08,130.57554090097366,130.7383579479357,130.94452119980147,129.1965890103141,9362101
2024-10-09,128.8811639464539,129.89768402028926,129.89768402028926,128.5934510355428,5457335
2024-10-10,129.89659125929714,129.8346984352006,131.98447837230424,129.8252858236907,2657888
2024-10-11,127.38913265603712,127.56685420683836,128.0145813884875,127.025367796812,3585917
2024-10-14,130.9524463775274,131.3504740529861,131.91478681624463,130.27002380894268,9110129
2024-10-15,133.33468113818003,133.45908847784767,134.21853176408243,132.47438499399968,7147560
2024-10-16,132.46298768918146,132.16730803724025,134.017406220558,131.72701741377878,8946258
2024-10-17,129.1253154124729,129.2506250702299,129.35906007111362,129.00964407525342,8557845
2024-10-18,131.81216603031427,132.51975466265395,133.521548310688,131.55204998409718,2824964
2024-10-21,131.65160593683655,130.97589399840558,132.17780154405497,130.97589399840558,8724922
2024-10-22,134.16183931969675,134.25103659998317,135.03571170894352,133.9003467857892,9152513
2024-10-23,131.02025002886586,130.56160000774713,131.71284492698868,129.5347816131981,7789408
2024-10-24,129.90780617335338,130.6840356025458,130.6840356025458,129.13672965704384,5764812
2024-10-25,129.98297803933937,128.9930361893678,131.5925352521458,126.16097332607248,2568146
2024-10-28,130.139569690673,129.7758804471998,130.16725242910374,129.28598324249938,1483455
2024-10-29,129.32606957365425,129.5699862196473,129.7254711703944,129.07422490698715,5036405
2024-10-30,130.59899361371183,131.6212729271923,132.82206920054767,130.57456016607588,9935827
2024-10-31,128.57284080593664,128.5305723166872,128.88238400813572,128.073311593745,3186268
2024-11-01,128.3625352034145,128.00620110946412,131.70212160673557,126.91959561749638,5445975
2024-11-04,128.65833825492274,129.86847096767636,129.86847096767636,127.4392664542298,3871656
2024-11-05,129.7154701069072,128.77632108783806,131.9994517974135,128.7129282067385,5708569
2024-11-06,131.1649397186562,129.72290846489074,132.15305980185352,129.72290846489074,4855933
2024-11-07,129.01781800580085,129.30166652698537,129.50958023712275,127.76420768838926,3326729
2024-11-08,126.11340597160242,125.79682713052472,127.73995709838871,124.37352251458418,7695233
2024-11-11,128.59344531069712,127.9368260786012,129.45911240348428,127.7875280392413,9274437
2024-11-12,129.2987430892346,129.7566910807094,129.7566910807094,128.18367916896008,4907129
2024-11-13,127.91171693483956,128.0676417742816,129.47773782928024,126.69255832476304,1095556
2024-11-14,130.9518304795463,130.58249483339944,131.22555026109032,130.2799357300052,6399869
2024-11-15,131.2445234712966,130.40435876778776,132.3607849884495,130.2928749611375,4469992
2024-11-18,133.63179018733473,134.2147303605354,134.40755406576605,132.9420119017047,7139353
2024-11-19,133.83394531555183,134.26904026002694,134.62166301546327,132.97542518819182,1652755
2024-11-20,138.0378326645265,137.9693825580828,140.34293264990046,137.4416161450691,4666344
2024-11-21,141.74140326303453,143.05012785872069,143.05012785872069,140.6068915701258,6650352
2024-11-22,141.28294604815187,140.52702240661284,142.97252486948602,140.21726103560547,1743088
2024-11-25,143.4125836148605,142.3186860842014,144.05019978817563,141.70753223188618,1059778
2024-11-26,144.87261539166144,144.37142273318997,146.60620672296514,143.8464770833015,6003361
2024-11-27,147.9192101980664,147.88549496038948,148.82119625405846,147.39935078521563,9075042
2024-11-28,145.8522090603065,146.02966704148267,146.047676058419,144.29137129745786,8706113
2024-11-29,147.426066979384,147.24824456326715,147.44772120718352,147.24824456326715,3173513
2024-12-02,149.84037040223728,150.10413095731633,151.0164649418406,148.51896615835423,9910762
2024-12-03,145.9623379461382,145.0489498442052,146.90858322382408,145.0489498442052,7913462
2024-12-04,143.44465143156077,144.48015298346334,144.48015298346334,142.37612842921368,2011930
2024-12-05,139.12861952337423,139.07147162316437,139.71230922103476,138.18925331008066,6862044
2024-12-06,138.63595081863943,139.41043766842904,139.86633403777645,138.43559598538252,9280083
2024-12-09,140.1974260873211,140.4376721444063,140.81073136457985,139.08647375427597,2785818
2024-12-10,143.42692367688474,143.75447722239844,144.4630130356324,142.98522392881517,3951720
2024-12-11,143.658044934965,144.06730320269534,144.19364975212943,140.93771512581745,3082963
2024-12-12,147.23932983584442,147.56893137753804,149.78209983690778,146.92527761052648,6962859
2024-12-13,144.26487129356687,144.72848287471555,144.8414059223863,144.2631322160871,5256146
2024-12-16,140.6509300035543,141.58566270095278,141.58566270095278,139.50168724500355,1289134
2024-12-17,140.60406293591552,140.74222131048026,141.9153235360969,139.67713674137053,8632285
2024-12-18,141.48438240569607,141.98594719952473,143.4911484031904,140.1578670868549,5324660
2024-12-19,141.48573765326887,141.4222560487686,143.97703098956362,139.21126972094854,3866069
2024-12-20,137.16877696340202,138.15647254903774,139.26150107076273,136.12255671304592,1737090
2024-12-23,137.05399404954022,136.5904827168323,138.78441599152177,135.99985373923025,4835598
2024-12-24,134.44077971916502,135.65137889930654,135.65137889930654,133.17716666142965,5982042
2024-12-25,135.85846960334305,135.83119061475833,139.33400000225558,134.73155777734985,2052425
2024-12-26,136.67348098825454,135.69573591966554,137.4446578227322,135.69573591966554,7303816
2024-12-27,134.81496809713082,134.9013200601773,135.06377087765873,134.45836249820573,1777567
2024-12-30,133.84322130017563,133.38745056163432,135.90723093668308,131.16118736123178,3716207
2024-12-31,131.7836146636109,132.33752989125782,134.4273163851366,130.9462378151769,7552901
2025-01-01,131.72560530090504,131.2957688573676,134.44113336552914,130.09318467904205,2749736
2025-01-02,133.67871860830354,133.38049246022152,135.29404710145593,133.38049246022152,7721635
2025-01-03,131.76899904601322,130.52408459214638,133.1183959858803,130.52408459214638,1051707
2025-01-06,132.83114911787249,132.53074727717683,133.61820947332947,131.0237706694489,9669441
2025-01-07,131.8410437607777,130.24320985891302,132.8672431278234,130.11548128562504,7104128
2025-01-08,130.33896655603257,129.30674527034105,131.05737632249964,126.40336561710193,2877145
2025-01-09,130.19488264171162,130.68989312629034,131.26013571775908,129.9555199426822,7687666
2025-01-10,128.23823129293564,128.7420794054111,128.7420794054111,125.92928759953458,1778799
2025-01-13,127.23736529346782,127.50803578949632,127.50803578949632,125.66096259658816,8079701
2025-01-14,125.0147615711701,124.41033011127855,125.58136353641028,124.41033011127855,1879459
2025-01-15,128.7615636126221,128.7308466685275,129.6582429787694,128.12852517271682,9249953
2025-01-16,128.89405324578465,128.89173151645784,130.12538484997927,127.8537202163162,2822744
2025-01-17,127.60564341913808,126.86657406174596,127.71845559521762,126.36334352702264,9167707
2025-01-20,128.0790219036678,129.04179082377766,129.97142797981587,127.46890753191424,4843139
2025-01-21,127.92725841356842,128.48845117591242,129.38778999688557,127.28062429684783,5447395
2025-01-22,127.56720151685975,127.42626261040508,127.8142474695356,126.21472140765896,3361216
2025-01-23,128.80619802545897,128.82351333896702,129.7295096032253,125.25158485090972,8446153
2025-01-24,130.33417644606416,130.46997345436097,132.76691157399057,129.82272432699887,3567587
2025-01-27,129.36220708162455,128.04159043735015,129.46916464166088,128.04159043735015,1264237
2025-01-28,128.30955140785056,128.15097531250365,128.4657650897074,128.15097531250365,5469353
2025-01-29,127.84432978542206,127.4083906898746,129.77918946630913,125.58266655142118,5840351
2025-01-30,123.49393842244729,122.875468423324,124.27295261573298,122.63600981612753,3514719
2025-01-31,120.74893171565763,120.57921891530296,121.98562636480769,120.25472754393628,2908911
2025-02-03,123.28503529526868,124.39317452983104,125.57085397008076,122.6389127288966,5002981
2025-02-04,126.38867635219503,126.7936527571215,127.93192467778384,126.19611704607355,2419920
2025-02-05,125.9797406593183,125.61995575430385,126.71306583653192,124.94365816137264,9360777
2025-02-06,127.13224797986427,127.49621666060617,127.49621666060617,125.707056491951,3179441
2025-02-07,127.7893630813222,128.68347678115077,129.01542437108344,127.78909847438209,3737946
2025-02-10,133.75498102559988,134.37335282916803,134.37335282916803,133.7425413828256,3088062
2025-02-11,136.0680893316477,136.1086582841536,137.54952877610387,135.62192925586916,2834907
2025-02-12,135.8750408423431,135.43552803687732,138.43572325524096,135.43552803687732,9352110
2025-02-13,133.99546691686788,134.46326071146737,136.06334328824056,132.8898726446035,4861774
2025-02-14,130.83361677892935,131.09102235955126,131.4731961580552,129.69911895553184,4633795
2025-02-17,131.29833183777131,131.88601872008192,132.76837085064466,130.4342358660662,4477084
2025-02-18,129.87436713658894,130.2868298154212,130.2868298154212,129.47990487888617,5327802
2025-02-19,127.16858981353228,127.8359405072429,129.4174892164259,125.45706473944102,4399752
2025-02-20,125.9988176799272,125.6616226607407,126.40600517892328,124.96656246292822,4800986
2025-02-21,124.01771054297468,124.834611522489,124.834611522489,123.42711231847682,6332889
2025-02-24,127.2182510423976,127.3439424229758,127.81113452929355,126.10586841939092,1723858
2025-02-25,128.96427018684713,130.30244270627432,131.02086735919502,128.62565988510693,1044816
2025-02-26,129.0133295339077,128.56875745847793,129.67594213188295,128.56875745847793,1004138
2025-02-27,131.9418240119105,133.0870551649519,133.0870551649519,130.8191337201459,5163960
2025-02-28,132.1609166583926,132.29169701118764,133.70708947260815,131.97936484361392,8081905
2025-03-03,130.5195754734578,130.09446146702015,134.26843992071755,130.00994240895753,4864044
2025-03-04,133.5667978805741,133.24364247360205,133.6035486581901,133.24364247360205,7647463
2025-03-05,134.71328861272397,134.49751341579852,137.1007470210893,134.35581026510775,8088166
2025-03-06,132.68468264877706,132.96608426872086,134.88891916557347,131.91145117331686,1221552
2025-03-07,132.3721995836418,132.7182440015,132.97726795269952,129.143883667408,9432372
2025-03-10,130.69977297049172,130.324860669152,131.48686276618548,130.324860669152,2897951
2025-03-11,128.05414869346652,128.03855516057274,128.65443357637753,126.23226067973158,6862835
2025-03-12,129.89718892863576,131.28856341617987,131.28856341617987,128.69406115769988,9705070
2025-03-13,133.68255533445952,134.8372672616078,134.8372672616078,132.39198730792344,3157280
2025-03-14,130.9449353059859,131.23060717947553,131.9480786309086,129.3262847320193,1808301
2025-03-17,132.11617732780448,132.1412816991082,133.7371546015652,131.9990463077153,6476420
2025-03-18,130.8928292808816,130.97138548066408,131.02392378522637,130.63455716884283,7296495
2025-03-19,130.00185740008962,130.40064978010608,130.40064978010608,129.1988984637581,5346657
2025-03-20,128.91167367183596,128.25242416484176,130.04349571897112,128.25242416484176,1112935
2025-03-21,127.30545206632524,127.1416248840855,128.3581158390833,126.52154182041508,9200252
2025-03-24,127.46176080906604,126.398357488494,127.75043479254458,125.92726850734437,3150205
2025-03-25,125.93677621473682,126.18816057999328,126.39942449094605,125.76116207059266,6424441
2025-03-26,126.51065151400395,126.92003741394902,127.66643337678342,125.94111414199432,5280650
2025-03-27,126.47857200040232,126.17300833159456,127.49442126783065,126.17300833159456,5523535
2025-03-28,126.0884841701533,127.08079219558893,127.9705925601355,125.33043169369992,5752989
2025-03-31,124.43502851571728,123.67238758957087,124.77240124598748,122.63836736353596,5310518
2025-04-01,123.42068767548038,122.5170169018294,123.44705933710286,120.586725352845,2730085
2025-04-02,124.88086158764968,125.02101027008312,125.81398597045305,124.19334642664712,3026110
2025-04-03,125.88162656806244,126.54067875560982,128.93329963961187,124.34497391060324,6641379
2025-04-04,124.09872371721576,125.14359010392576,125.1958127711806,123.4681282172413,9825150
2025-04-07,124.3456782639892,124.06037688943364,125.26191180557558,124.06037688943364,6519948
2025-04-08,125.80932722553858,126.48786777526394,126.48786777526394,125.23909845148629,7928887
2025-04-09,122.72183055988174,122.6982014105358,122.80404279436527,120.93933581329124,5566701
2025-04-10,123.7834238370952,123.67658184592308,124.42207106568767,123.378967980262,9127333
